uniq_ID,foodcode,SourceCode,FOODNAME_ENGLISH,Energy_kcal,Prot_g,Fat_g,Fe_mg,Zn_mg,Folate_mcg,VitB12_mcg,VitA_IU,VitA_RAE,Phytate,fgmajor,fgminor
1,1000,1077,"MILK, COW (cooked nutrients)",60,3.22,3.25,0.03,0.4,4.25,0.352,102,28,0,DAIRY,MILK
2,1001,1095,"MILK, COW, CONSENSED, SWEETENED (cooked nutrients)",321,7.91,8.7,0.19,0.94,9.35,0.352,267,74,0,DAIRY,MILK
3,1002,1090,"MILK, POWDER  (cooked)",496,26.32,26.71,0.47,3.34,37,3.25,915,257,0,DAIRY,MILK
4,1017,1106,"MILK, GOAT, WHOLE, NOT FORTIFIED (cooked nutrients)",69,3.56,4.14,0.05,0.3,0.85,0.056,198,57,0,DAIRY,MILK
6,1100,1116,"YOGURT, WHOLE COW MILK, SWEETENED",61,3.47,3.25,0.05,0.59,7,0.37,99,27,0,DAIRY,YOGURT
7,1101,1116,"YOGURT, WHOLE COW MILK, SOUL",61,3.47,3.25,0.05,0.59,7,0.37,99,27,0,DAIRY,YOGURT
8,1102,1151,CREAM SKIMMED OFF OF TOP OF MILK AFTER BOILING,35,3.41,0.18,0.04,0.4,4.25,0.304,7,2,0,DAIRY,MILK
9,1103,1116,MILK CURD  (cooked nut),61,3.47,3.25,0.05,0.59,7,0.37,99,27,0,DAIRY,MILK
10,2000,13003,"BEEF, ALL TYPES, RAW (cooked nutrients)",251,18.24,19.24,1.85,3.66,4.2,2.1675,0,0,0,MEAT,BEEF
11,2001,13004,"BEEF, ALL TYPES, COOKED",305,25.94,21.54,2.62,5.85,7,2.44,0,0,0,MEAT,BEEF
12,2002,13341,"BEEF, INTESTINES, RAW (cooked nutrients)",85,12.07,3.69,0.5605,1.42,4.25,1.112,0,0,0,MEAT,BEEF
13,2008,13350,"DRIED BEEF MEAT,RAW  (cooked nuts)",153,31.1,1.94,2.42,4.93,10,1.59,0,0,0,MEAT,BEEF
14,2010,4001,BEEF FAT  (cooked nuts),902,0,100,0,0,0,0,0,0,0,MEAT,BEEF
15,2100,15234,"FISH, CATFISH, WITH BONE, RAW  (cooked nutrients)",135,15.55,7.59,0.5,0.74,9,1.8525,45,13.5,0,MEAT,FISH
16,2101,15235,"FISH, CATFISH, COOKED ",152,18.72,8.02,0.82,1.05,7,2.8,50,15,0,MEAT,FISH
17,2102,15008,"FISH, CARP, FRESH, RAW (cooked nutrients)",127,17.83,5.6,1.24,1.48,13.5,1.377,27,8.1,0,MEAT,FISH
18,2103,15009,"FISH, CARP, COOKED",162,22.86,7.17,1.59,1.9,17,1.47,32,10,0,MEAT,FISH
19,2104,368,"FISH, DRIED, SALTED, RAW (general, mostly freshwater) (ckd nut)",306,66.4,2.5,1.4,1.7,35,3.05,0,0,0,MEAT,FISH
20,2105, ,"FISH, DRIED, SALTED, COOKED",153,33.2,1.25,0.7,0.855,17.5,1.525,0,0,0,MEAT,FISH
21,2109,15061,"FISH, PERCH, COOKED",117,24.86,1.18,1.16,1.43,6,2.2,32,10,0,MEAT,FISH
22,2110,15057,"FISH, POMFRET, BLACK, RAW (cooked nutrients)",94,18.62,1.63,0.92,0.48,9,0.9,40,12,0,MEAT,FISH
23,2111,15058,"FISH, POMFRET, BLACK, COOKED",121,23.88,2.09,1.18,0.61,10,1.15,46,14,0,MEAT,FISH
24,2112,15261,"FISH, TILAPIA, FRESH (cooked nutrients)",96,20.08,1.7,0.56,0.33,21.6,1.422,0,0,0,MEAT,FISH
25,2113,15262,"FISH, TILAPIA, COOKED",128,26.15,2.65,0.69,0.41,6,1.86,0,0,0,MEAT,FISH
26,2114,15149,"FISH, SHRIMP, FRESH, RAW (cooked nutrients)",106,20.31,1.73,2.41,1.11,2.25,0.986,171,51.3,0,MEAT,FISH
27,2115,15151,"FISH, SHRIMP, FRESH, COOKED",99,20.91,1.08,3.09,1.56,4,1.49,225,68,0,MEAT,FISH
28,2116,15234,"FISH, FRESHWATER, SMALL, RAW  (cooked nutrients)",135,15.55,7.59,0.5,0.74,9,1.8525,45,13.5,0,MEAT,FISH
29,2117,15235,"FISH, FRESHWATER, SMALL, COOKED",152,18.72,8.02,0.82,1.05,7,2.8,50,15,0,MEAT,FISH
30,2120,15234,"FISH, FRESHWATER, RAW  (cooked nutrients)",135,15.55,7.59,0.5,0.74,9,1.8525,45,13.5,0,MEAT,FISH
31,2121,15235,"FISH, FRESHWATER, COOKED",152,18.72,8.02,0.82,1.05,7,2.8,50,15,0,MEAT,FISH
32,2122,15008,"FISH, FRESHWATER, RAW  small  (cooked nutrients)",127,17.83,5.6,3,3.1,13.5,1.377,180,54,0,MEAT,FISH
33,2123,15009,"FISH, FRESHWATER, COOKED",162,22.86,7.17,3.84,3.968,17,1.47,214.2,64.26,0,MEAT,FISH
34,2126,15094,"FISH, HILSA,RAW FRESHWATER  (cooked nutrients)  (use 2959 ckd)",197,16.93,13.77,0.97,0.37,13.5,0.1125,99,29.7,0,MEAT,FISH
35,2127,15234,"FISH, PANGASH CATFISH,RAW (cooked nutrients) (use 2954 ckd)",135,15.55,7.59,0.5,0.74,9,1.8525,45,13.5,0,MEAT,FISH
36,2128,15060,"FISH, FRESHWATER, RAW (cooked nutrients) (use 2950 ckd)",91,19.39,0.92,1.8,1.5,4.5,1.71,466,140,0,MEAT,FISH
37,2129,15008,"FISH, CARP,RAW (cooked nutrients) (use 2949 ckd)",127,17.83,5.6,1.24,1.48,13.5,1.377,27,8.1,0,MEAT,FISH
38,2130,15008,"FISH, FRESHWATER, RAW  (cooked nutrients) (use 2955 ckd)",127,17.83,5.6,1.24,1.48,13.5,1.377,27,8.1,0,MEAT,FISH
39,2133,15008,"FISH, SILVER CARP, RAW (cooked nutrients) (use 2952 ckd)",127,17.83,5.6,4.4,1.48,13.5,1.377,27,8.1,0,MEAT,FISH
40,2135,15008,"FISH, FRESHWATER, RAW  (cooked nutrients)  (use 2960 ckd)",127,17.83,5.6,1.24,1.48,13.5,1.377,27,8.1,0,MEAT,FISH
41,2136,15025,"FISH, FRESHWATER, RAW (cooked nutrients) (use 2953 ckd)",184,18.44,11.66,2.4,1.2,13.5,2.25,3129.3,938.7,0,MEAT,FISH
42,2138,15008,"FISH, FRESHWATER, RAW  (cooked nutrients)",127,17.83,5.6,1.24,1.48,13.5,1.377,27,8.1,0,MEAT,FISH
43,2139,15009,"FISH, FRESHWATER, COOKED",162,22.86,7.17,1.59,1.9,17,1.47,32,10,0,MEAT,FISH
44,2141,CV76,"FISH, FRESHWATER, DRY small",335,58.6,9.4,2.5,5.2,28,12,0,0,0,MEAT,FISH
45,2143,15235,"FISH, FRESHWATER, COOKED",152,18.72,8.02,0.82,1.05,7,2.8,50,15,0,MEAT,FISH
46,2144,15008,"FISH, FRESHWATER,RAW  (cooked nutrients)",127,17.83,5.6,1.24,1.48,13.5,1.377,27,8.1,0,MEAT,FISH
47,2145,15009,"FISH, FRESHWATER,COOKED (use for silver carp)",162,22.86,7.17,1.59,1.9,17,1.47,32,10,0,MEAT,FISH
48,2146,15234,"FISH, FRESHWATER, RAW (small)  (cooked nutrients) (2956 ckd)",135,15.55,7.59,0.5,0.74,9,1.8525,45,13.5,0,MEAT,FISH
49,2147,15008,"FISH, FRESHWATER, RAW (cooked nutrients) (use 2951 ckd)",127,17.83,5.6,2.5,1.48,13.5,1.377,45,13.5,0,MEAT,FISH
50,2149,15008,"FISH, FRESHWATER, RAW small (cooked nutrients) (use 2958 ckd)",127,17.83,5.6,5.7,3.2,13.5,1.377,7959.6,2412,0,MEAT,FISH
51,2152,15008,"FISH, FRESHWATER, RAW  (cooked nutrients)",127,17.83,5.6,1.24,1.48,13.5,1.377,27,8.1,0,MEAT,FISH
52,2153,15009,"FISH, FRESHWATER, COOKED",162,22.86,7.17,1.59,1.9,17,1.47,32,10,0,MEAT,FISH
53,2154,15094,"FISH, FRESHWATER, RAW  (cooked nutrients)",197,16.93,13.77,0.97,0.37,13.5,0.1125,99,29.7,0,MEAT,FISH
54,2155,15215,"FISH, FRESHWATER, COOKED",252,21.71,17.65,1.24,0.47,17,0.14,120,36,0,MEAT,FISH
55,2156,CV76,"FISH, FRESHWATER, DRIED, RAW  small  (cooked nut)",335,58.6,9.4,2.5,5.2,28,12,0,0,0,MEAT,FISH
56,2157, ,"FISH, FRESHWATER, DRIED, COOKED small",167.5,29.3,4.7,1.25,2.605,14,6,0,0,0,MEAT,FISH
57,2158,CV76,"FISH, OCEAN, RAW dried",335,58.6,9.4,2.5,5.2,28,12,0,0,0,MEAT,FISH
58,2159,CV76,"FISH, OCEAN, COOKED",167.5,29.3,4.7,1.25,2.605,14,6,0,0,0,MEAT,FISH
59,2160,15234,"FISH, FRESHWATER, RAW  (cooked nutrients)",135,15.55,7.59,0.5,0.74,9,1.8525,45,13.5,0,MEAT,FISH
60,2161,15235,"FISH, FRESHWATER, COOKED",152,18.72,8.02,0.82,1.05,7,2.8,50,15,0,MEAT,FISH
61,2162,794,"SHRIMP, DRIED, FRESHWATER, RAW (cooked nut)",306,66.4,2.5,1.4,1.7,35,3.05,0,0,0,MEAT,FISH
62,2164,CV76,"FISH, FRESHWATER, DRIED, RAW  (cooked nut) (use 2963 ckd)",335,58.6,9.4,2.5,5.2,28,12,0,0,0,MEAT,FISH
63,2165,15234,"FISH, FRESHWATER, RAW  (cooked nutrients)",135,15.55,7.59,0.5,0.74,9,1.8525,45,13.5,0,MEAT,FISH
64,2170,15235,"FISH, FRESHWATER, COOKED",152,18.72,8.02,0.82,1.05,7,2.8,50,15,0,MEAT,FISH
65,2171,CV76,"FISH, DRIED UNKNOWN FRESH OR OCEAN (cooked nut)",335,58.6,9.4,2.5,5.2,28,12,0,0,0,MEAT,FISH
66,2174,CV76,"FISH, FRESHWATER, DRIED, RAW (cooked nut)",335,58.6,9.4,2.5,5.2,28,12,0,0,0,MEAT,FISH
67,2200,5006,"CHICKEN, ALL TYPES, WITH SKIN, RAW (cooked nutrients)",215,18.6,15.06,0.9,1.31,4.2,0.2015,112,33.6,0,MEAT,CHICKEN
68,2201,5010,"CHICKEN, ALL TYPES, WITH SKIN, COOKED",219,24.68,12.56,1.16,1.76,5,0.2,146,44,0,MEAT,CHICKEN
69,2202,5011,"CHICKEN, ALL TYPES, NO SKIN, RAW",119,21.39,3.08,0.89,1.54,7,0.37,52,16,0,MEAT,CHICKEN
70,2203,5014,"CHICKEN, ALL TYPES, NO SKIN, COOKED",177,27.29,6.71,1.17,1.99,6,0.22,50,15,0,MEAT,CHICKEN
71,2208,5100,"CHICKEN, WING, WITH SKIN, RAW (cooked nutrients)",222,18.33,15.97,0.95,1.33,2.8,0.208,117.6,35.2,0,MEAT,CHICKEN
72,2216,5080,"CHICKEN, LEG, NO SKIN, RAW (cooked nutrients)",120,20.13,3.81,1.02,2.06,7,0.234,48.8,14.4,0,MEAT,CHICKEN
73,2217,5015,"CHICKEN, ONLY SKIN, RAW (cooked nutrients)",349,13.33,32.35,1.08,0.93,2.1,0.1495,209.6,60.8,0,MEAT,CHICKEN
74,2218,5019,"CHICKEN, ONLY SKIN ,COOKED",363,15.22,33.04,1.13,0.96,2,0.11,198,59,0,MEAT,CHICKEN
75,2220,5028,"CHICKEN, LIVER, COOKED",167,24.46,6.51,11.63,3.98,578,16.85,13328,3978,0,MEAT,CHICKEN
76,2224,1302,"CHICKEN, ANUS, COOKED",94,14.1,3.8,1,2.3,4,1.05,0,0,0,MEAT,CHICKEN
77,2300,17168,"GOAT, MEAT, RAW (cooked nutrients)",109,20.6,2.31,2.83,4,3.5,0.8475,0,0,0,MEAT,GOAT
78,2301,17169,"GOAT, MEAT, COOKED",143,27.1,3.03,3.73,5.27,5,1.19,0,0,0,MEAT,GOAT
79,2302,0,"GOAT, BONE, LEG PART, RAW  (cooked nut)",36,6.3,1.05,9.85,0.7,1,1.255,0,0,0,MEAT,GOAT
80,2304,17168,"GOAT MEAT, DRIED, RAW (cooked nutrients)",109,20.6,2.31,2.83,4,3.5,0.8475,0,0,0,MEAT,GOAT
81,2305,17169,"GOAT MEAT, DRIED, COOKED",143,27.1,3.03,3.73,5.27,5,1.19,0,0,0,MEAT,GOAT
82,2400,1123,"EGG, CHICKEN, WHOLE, RAW (cooked nutrients)",143,12.58,9.94,1.83,1.11,35.25,1.0965,487,140,0,MEAT,EGG
83,2401,1129,"EGG, CHICKEN, WHOLE, COOKED",155,12.58,10.61,1.19,1.05,44,1.11,586,169,0,MEAT,EGG
84,2403,31109010,"EGG, CHICKEN, WHITE ONLY, COOKED",48,10.86,0.17,0.08,0.03,3,0.08,0,0,0,MEAT,EGG
85,2404,1125,"EGG, CHICKEN, YOLK ONLY, RAW  (cooked nutrients)",317,15.82,26.54,2.73,2.3,109.5,1.6575,1442,381,0,MEAT,EGG
86,2406,1138,"EGG, DUCK, RAW",185,12.81,13.77,3.85,1.41,80,5.4,674,194,0,MEAT,EGG
87,2407,31201000,"EGG, DUCK, COOKED",184,12.76,13.72,3.84,1.4,60,4.57,674,193,0,MEAT,EGG
88,2409,31109010,"EGG, DUCK, WHITE ONLY, COOKED",48,10.86,0.17,0.08,0.03,3,0.08,0,0,0,MEAT,EGG
89,2411,31111010,"EGG, DUCK, YOLK ONLY, COOKED",316,15.8,26.43,2.72,2.29,109,1.65,1442,379,0,MEAT,EGG
90,2414,35158,"EGG, FISH  (cooked nutrients)",104,14.66,2.88,5.95,2.1,39.75,47.94,305,91,0,MEAT,EGG
91,2415,1128,CHICKEN EGG FRY,196,13.63,15.31,1.98,1.2,51,1.39,729,198,0,MEAT,EGG
92,2416,35158,"EGG, CARP FISH  (cooked nutrients)",104,14.66,2.88,5.95,2.1,39.75,47.94,305,91,0,MEAT,EGG
93,2501,5140,"DUCK, ALL TYPES, WITH SKIN, COOKED",337,18.99,28.35,2.7,1.86,6,0.3,210,63,0,MEAT,DUCK
94,2907,CV76,"FISH, DRIED, RAW (UNKNOWN IF OCEAN OR FRESHWATER) (cooked nut)",335,58.6,9.4,2.5,5.2,28,12,0,0,0,MEAT,FISH
95,2911,CV76,"FISH, DRIED, FRESHWATER,COOKED ",167.5,29.3,4.7,1.25,2.605,14,6,0,0,0,MEAT,FISH
96,2919,CV76,"FISH, DRIED BOAL, FRESHWATER, RAW (cooked nut)",335,58.6,9.4,2.5,5.2,28,12,0,0,0,MEAT,FISH
97,2926,CV76,"FISH, DRIED MOLA , FRESHWATER, RAW (cooked nuts)",335,58.6,9.4,2.5,5.2,28,12,0,0,0,MEAT,FISH
98,2934,CV76,"FISH, DRIED MOA, FRESHWATER,  RAW (cooked nut)",335,58.6,9.4,2.5,5.2,28,12,0,0,0,MEAT,FISH
99,2938,15234,"FISH, MOA, RAW, FRESHWATER (cooked nutrients)",135,15.55,7.59,0.5,0.74,9,1.8525,45,13.5,0,MEAT,FISH
100,2949,15009,"FISH, CARP, COOKED (2129 raw)",162,22.86,7.17,1.59,1.9,17,1.47,32,10,0,MEAT,FISH
101,2950,15061,"FISH, FRESHWATER, COOKED (2128 raw)",117,24.86,1.18,1.16,1.43,6,2.2,32,10,0,MEAT,FISH
102,2951,15009,"FISH, FRESHWATER, COOKED (2147 raw)",162,22.86,7.17,1.59,1.9,17,1.47,32,10,0,MEAT,FISH
103,2952,15009,"FISH, SILVER CARP, COOKED (2133 raw)",162,22.86,7.17,1.59,1.9,17,1.47,32,10,0,MEAT,FISH
104,2953,15026,"FISH, FRESHWATER, COOKED (2136 raw)",236,23.65,14.95,0.64,2.08,17,2.89,3787,1137,0,MEAT,FISH
105,2954,15235,"FISH, PANGASH CATFISH, COOKED (2127 raw)",152,18.72,8.02,0.82,1.05,7,2.8,50,15,0,MEAT,FISH
106,2955,15009,"FISH, FRESHWATER, COOKED  (2130 raw)",162,22.86,7.17,1.59,1.9,17,1.47,32,10,0,MEAT,FISH
107,2957,15262,"FISH, FRESHWATER, COOKED  (2148 raw)",128,26.15,2.65,0.69,0.41,6,1.86,0,0,0,MEAT,FISH
108,2959,15215,"FISH, HILSA, COOKED FRESHWATER  (2126 raw)",252,21.71,17.65,1.24,0.47,17,0.14,120,36,0,MEAT,FISH
109,2961,15197,"FISH, FRESHWATER, COOKED  (2137 raw)",250,21.01,17.79,1.44,0.68,6,9.62,116,35,0,MEAT,FISH
110,2963,CV76,"FISH, FRESHWATER, DRIED, COOKED (2164 raw)",335,58.6,9.4,2.5,5.2,28,12,0,0,0,MEAT,FISH
111,2965,15235,"FISH, FRESHWATER, COOKED (2131 raw)",152,18.72,8.02,0.82,1.05,7,2.8,50,15,0,MEAT,FISH
112,3000,20446,"RICE, WHITE, PARBOILED, RAW (cooked nutrients)",374,8.11,1.04,1.45161774,0.7993396,4.8,0,0,0,121,STARCH,RICE
113,3001,20444,"RICE, WHITE, SUNNED, NOT PARBOILED, RAW (cooked nutrients)",365,7.13,0.66,1.45161774,0.7993396,4.8,0,0,0,121,STARCH,RICE
114,3002,20446,"RICE, KRISPY ",374,8.11,1.04,1.45161774,0.7993396,7.6,0,0,0,121,STARCH,RICE
115,3003,20444,"RICE, WHITE, SUNNED, NOT PARBOILED, RAW POWDER (cooked nutrients)",365,7.13,0.66,1.45161774,0.7993396,4.8,0,0,0,121,STARCH,RICE
116,3004,20446,"RICE, WHITE, PARBOILED, RAW POWDER (cooked nutrients)",374,8.11,1.04,1.45161774,0.7993396,4.8,0,0,0,121,STARCH,RICE
117,3006,20446,RICE SEMOLINA (RICE STARCH GRANULES),374,8.11,1.04,1.45161774,0.7993396,0,0,0,0,121,STARCH,RICE
118,3010,20446,"RICE, BAKED (RAW HEATED IN PAN)",374,8.11,1.04,1.45161774,0.7993396,7.6,0,0,0,121,STARCH,RICE
119,3100,20466,WHEAT SEMOLINA (WHEAT STARCH GRANULES) (cooked nutrients),360,12.68,1.05,0.9801562,0.6988878,50.4,0,0,0,282,STARCH,WHEAT
120,3101,20080,WHEAT FLOUR WHOLE  (cooked nutrients),339,13.7,1.87,3.6301562,2.5788878,30.8,0,8.1,0,848,STARCH,WHEAT
121,3102,20481,WHEAT FLOUR REFINED (cooked nutrients),364,10.33,0.98,0.9201562,0.3488878,18.2,0,0,0,282,STARCH,WHEAT
122,3103,20004,BARLEY  (cooked nutrients),354,12.48,2.3,3.42,2.77,13.3,0,19.8,0.9,875,STARCH,WHEAT
123,3105,42259,POPCORN (POPPED IN OIL) WITH SALT,521,9,28.1,2.78,2.64,17,0,154,8,384,STARCH,CORN
124,3107,20020,"MAIZE POWDER, RAW (cooked nutrients)",362,8.12,3.59,3.45,1.82,17.5,0,214,11,800,STARCH,CORN
125,3108,20020,"MAIZE BAKED (CORN IS HEATED IN PAN OVER FIRE FOR <1O MIN), WITHOUT SALT",362,8.12,3.59,3.45,1.82,17.5,0,214,11,800,STARCH,CORN
126,3200,18413,"BREAD, WHITE",275,9.1,1.2,1.4,0.84,24,0,0,0,111,STARCH,BREAD
127,3300,6583,"NOODLE, MAGGI DRIED, RAW (cooked nut)",453,9.3,17.1,4.27,0.63,28,0.01,11,1,87,STARCH,NOODLE
128,3304,20420,"VERMICELLI, LOOSE (cooked nutrients)",371,13.04,1.51,0.975,1.41,12.6,0,0,0,227,STARCH,NOODLE
129,3305,20420,"VERMICELLI, PACKEGED (cooked nutrients)",371,13.04,1.51,0.975,1.41,12.6,0,0,0,227,STARCH,NOODLE
130,3306,20420,"RED VERMICELLI, LOOSE  (cooked nutrients)",371,13.04,1.51,0.975,1.41,12.6,0,0,0,227,STARCH,NOODLE
131,3308,20420,"SWEET NOODLES (FLOUR,SUGAR,OIL) COMMERCIALLY PRODUCED",371,13.04,1.51,1.3,1.41,18,0,0,0,227,STARCH,NOODLE
132,3310,20421,"RED VERMICELLI, COOKED",158,5.8,0.93,1.28,0.51,7,0,0,0,147,STARCH,NOODLE
133,3400,18173,"BISCUITS, SWEET (COOKIE)",423,6.9,10.1,1.2,0.81,17,0,2,0,116,STARCH,BISCUIT
134,3412,18228,SALTED BISCUIT (LIKE A SALTED CRACKER),428,9.22,11.35,1.2,0.83,31,0,0,0,180,STARCH,BISCUIT
135,3413,18210,CREAMY BISCUIT (LIKE AN OREO - USUALLY VANILLA CREAM),483,4.5,20,2.21,0.4,4,0,0,0,68,STARCH,BISCUIT
136,3414,18418,CAKE (LIKE POUND CAKE WITH LESS BUTTER OR PAN DOLCE),389,5.2,17.9,0.6,0.39,9,0.14,118,35,25,STARCH,CAKE
137,3415,18426,BISCUIT (NO SUGAR OR SALT),434,9.2,11.8,1.2,0.77,31,0,0,0,180,STARCH,BISCUIT
138,3416,18173,SPICY BISCUIT (COOKIE WITH GREEN CHILI),423,6.9,10.1,1.2,0.81,17,0,2,0,116,STARCH,BISCUIT
139,4000,16069,"LENTIL, MUSUR (BROWN), DRY (cooked nutrients)",353,25.8,1.06,5.91,3.55,239.5,0,35.1,1.8,212,LEGUME,DAL
140,4000,16069,"LENTIL, MUSUR (BROWN), DRY",353,25.8,1.06,5.91,3.55,479,0,39,2,244,LEGUME,DAL
141,4001,16085,"PEA, DRY (cooked nutrients)",341,24.55,1.16,3.7655,2.709,137,0,134.1,6.3,1629,LEGUME,DAL
142,4002,16056,"CHICKPEA, DRY",364,19.3,6.04,6.24,3.43,557,0,67,3,645,LEGUME,DAL
143,4003,16050,"COWPEA SEED, DRY (cooked nutrients)",343,23.85,2.07,8.4575,5.499,319.5,0,29.7,1.8,945,LEGUME,OBEAN
144,4004,16080,"BEAN, MUNG, DRY (cooked nutrients)",347,23.86,1.15,5.729,2.412,312.5,0,102.6,5.4,945,LEGUME,DAL
145,4005,11052,"BEAN, FIELD, FRESH (cooked nutrients)  (ckd use 4033)",31,1.82,0.12,0.988,0.228,24.05,0,621,31.5,91,LEGUME,OBEAN
146,4006,16069,"BEAN, HORSE, DRY  (cooked nutrients)",353,25.8,1.06,5.91,3.55,239.5,0,35.1,1.8,212,LEGUME,DAL
147,4007,12093,"SEED, JACKFRUIT (cooked nutrients)",224,4.2,1.11,1.41,0.87,54.4,0,191.9,9.5,42,LEGUME,OBEAN
148,4008,16069,"DAL, BUT'ER  WITHOUT PEEL(cooked nutrients)",353,25.8,1.06,5.91,3.55,239.5,0,35.1,1.8,212,LEGUME,DAL
149,4009,16087,PEANUT,567,25.8,49.24,4.58,3.27,240,0,0,0,1760,LEGUME,OBEAN
150,4009,16087,PEANUT (cooked nutrients),567,25.8,49.24,4.58,3.27,192,0,0,0,1760,LEGUME,OBEAN
151,4010,2024,"MUSTARD, RAW (cooked nutrients)",469,24.9,28.76,9.98,5.7,60.8,0,49.6,2.4,2129,LEGUME,OBEAN
152,4011,16056,CHICKPEA VARIETY (cooked nutrients),364,19.3,6.04,5.304,3.087,278.5,0,60.3,2.7,645,LEGUME,OBEAN
153,4012,11304,"SEED, FIELD BEAN (cooked nutrients)  (use 4034 ckd)",81,5.42,0.4,1.2495,1.116,32.5,0,688.5,34.2,71,LEGUME,OBEAN
154,4013,16069,"LENTIL, KHESARI (YELLOW), DRY (cooked nutrients)",353,25.8,1.06,5.91,3.55,239.5,0,35.1,1.8,212,LEGUME,DAL
155,4014,16069,"DAL,BUT'ER WITH PEEL (cooked nutrients)",353,25.8,1.06,5.91,3.55,239.5,0,35.1,1.8,212,LEGUME,DAL
156,4015,11304,BEAN SEED VARIETY (cooked nutrients),81,5.42,0.4,1.2495,1.116,32.5,0,688.5,34.2,71,LEGUME,OBEAN
157,4021,12023,SESAME SEED (cooked nutrients),573,17.73,49.67,14.55,7.75,77.6,0,7.2,0,4710,LEGUME,OBEAN
158,4024,16070,BUT'ER DAL WITH PEEL BAKED (NO OIL),116,9.02,0.38,2.61,0.94,181,0,8,0,84,LEGUME,DAL
159,4025,16390,PEANUT BAKED (NO OIL),585,23.68,49.66,2.26,3.31,145,0,0,0,1760,LEGUME,OBEAN
160,4028,12163,PUMPKIN SEEDS,446,18.55,19.4,3.31,10.3,9,0,62,3,3818,LEGUME,OBEAN
161,4033,0,"BEAN, FIELD, FRESH, BOILED  (raw=4005)",35,1.89,0.28,0.65,0.25,33,0,700,35,91,LEGUME,OBEAN
162,5000,9003,"APPLE, WITH PEEL",52,0.26,0.17,0.12,0.04,3,0,54,3,63,FRUIT,
163,5001,9004,"APPLE, WITHOUT PEEL",48,0.27,0.13,0.07,0.05,0,0,38,2,63,FRUIT,
164,5002,9040,"BANANA, WITHOUT PEEL",89,1.09,0.33,0.26,0.15,20,0,64,3,0,FRUIT,
165,5003,9181,"CANTALOUPE, WITHOUT RIND",34,0.84,0.19,0.21,0.18,21,0,3382,169,0,FRUIT,
166,5004,9132,"GRAPES, GREEN",69,0.72,0.16,0.36,0.07,2,0,66,3,63,FRUIT,
167,5005,9132,"GRAPES, PURPLE",69,0.72,0.16,0.36,0.07,2,0,66,3,63,FRUIT,
168,5006,9139,"GUAVA, RAW",68,2.55,0.95,0.26,0.23,49,0,624,31,0,FRUIT,
169,5007,9144,"JACKFRUIT, WITHOUT PEEL",94,1.47,0.3,0.6,0.42,14,0,297,15,0,FRUIT,
170,5008,9150,"LEMON, WITHOUT PEEL",29,1.1,0.3,0.6,0.06,11,0,22,1,0,FRUIT,
171,5009,9159,"LIME, WITHOUT PEEL",30,0.7,0.2,0.6,0.11,8,0,50,2,0,FRUIT,
172,5010,9176,"MANGO, RIPE, WITHOUT PEEL",65,0.51,0.27,0.13,0.04,14,0,765,38,12,FRUIT,
173,5011,9218,"ORANGE, WITHOUT PEEL",53,0.81,0.31,0.15,0.07,16,0,681,34,0,FRUIT,
174,5012,9226,"PAPAYA, RIPE, WITHOUT PEEL",39,0.61,0.14,0.1,0.07,38,0,1094,55,0,FRUIT,
175,5013,9279,BLACK BERRY (LIKE SMALL PLUM),46,0.7,0.28,0.17,0.1,5,0,345,17,0,FRUIT,
176,5014,11422,PUMPKIN (cooked nutrients),26,1,0.1,0.76,0.304,11.2,0,6645.6,332.1,0,FRUIT,
177,5015,9326,"WATERMELON, WITHOUT RIND",30,0.61,0.15,0.24,0.1,3,0,569,28,0,FRUIT,
178,5016,9164,LYCHEE,66,0.83,0.44,0.31,0.07,14,0,0,0,0,FRUIT,
179,5017,9060,STAR FRUIT,31,1.04,0.33,0.08,0.12,12,0,61,3,0,FRUIT,
180,5018,9077,"HOG PLUM, WITHOUT PEEL",76,0.4,0.3,0.36,0,0,0,40,2,63,FRUIT,
181,5019,9286,"POMEGRANATE, WITHOUT RIND",68,0.95,0.3,0.3,0.12,6,0,108,5,0,FRUIT,
182,5021,9195,"OLIVE, RAW",145,1.03,15.32,0.49,0.04,3,0,393,20,0,FRUIT,
183,5022,9111,GRAPEFRUIT,32,0.63,0.1,0.09,0.07,10,0,927,46,0,FRUIT,
184,5024,9139,WHITE LEAD ,68,2.55,0.95,0.26,0.23,49,0,624,31,0,FRUIT,
185,5025,12104,"COCONUT, RAW, FLESH (cooked nutrients)",354,3.33,33.49,2.43,1.1,20.8,0,0,0,324,FRUIT,
186,5025,12104,"COCONUT, RAW, FLESH",354,3.33,33.49,2.43,1.1,26,0,0,0,324,FRUIT,
187,5026,12119,"COCONUT, GREEN, WATER",19,0.72,0.2,0.29,0.1,3,0,0,0,3,FRUIT,
188,5028,9421,DATE,277,1.81,0.15,0.9,0.44,15,0,149,7,0,FRUIT,
189,5029,9003,WOOD APPLE,52,0.26,0.17,0.12,0.04,3,0,54,3,63,FRUIT,
190,5030,9086,CUSTARD APPLE,101,1.7,0.6,0.71,0.04,3,0,33,2,0,FRUIT,
191,5031,9077,PLUM,76,0.4,0.3,0.36,0.04,3,0,40,2,63,FRUIT,
192,5032,9277,"BANANA, UNRIPE",122,1.3,0.37,0.6,0.14,22,0,1127,56,0,FRUIT,
193,5033,1960,PALM FRUIT,12,0,0.1,0,0,1,0,1,0,13,FRUIT,
194,5034,9200,"ORANGE, WITHOUT PEEL",47,0.94,0.12,0.1,0.07,30,0,225,11,0,FRUIT,
195,5035,9322,"TAMARIND, RAW, RIPE",239,2.8,0.6,2.8,0.1,14,0,30,2,0,FRUIT,
196,5036,VZ(India),"SUGAR CANE, RAW",26,0,0,0.1,0,0,0,0,0,0,FRUIT,
197,5037,1470,"PALM FRUIT SEED, DRIED, SHELLED",203,0.6,20.2,0.2,0.1,9,0,1668,501,8,FRUIT,
198,5038,9144,"JACKFRUIT, UNRIPE",94,1.47,0.3,0.6,0.42,14,0,297,15,0,FRUIT,
199,5039,9299,DRY GRAPES (RAISINS)  (cooked nut),296,2.52,0.54,2.59,0.18,3,0,0,0,0,FRUIT,
200,5040,9040,BANANA VARIETY (LOTS OF SEEDS),89,1.09,0.33,0.26,0.15,20,0,64,3,0,FRUIT,
201,5044,9003,"JAMRUL (WHITE, STRAWBERRY SHAPED, SOUR)",52,0.26,0.17,0.12,0.04,3,0,54,3,63,FRUIT,
202,5045,190220,DATE SEEDS,261,11.9,22.6,2.1,1.5,58,0,0,0,810,FRUIT,
203,5046,11252,PUMPKIN PEEL,14,0.9,0.14,0.41,0.15,29,0,502,25,0,FRUIT,
204,5049,9145,GOLAPJAM (SAME AS 5044),60,0.72,0.23,0.19,0.04,3,0,3,0,63,FRUIT,
205,6100,11052,COWPEA FRESH (LONG GREEN BEAN) (cooked nutrients),31,1.82,0.12,1.04,0.24,37,0,690,35,91,VEG,VEGOTHER
206,6101,11109,"CABBAGE, RAW (cooked nutrients)",25,1.28,0.1,0.4465,0.171,27.95,0,88.2,4.5,0,VEG,VEGOTHER
207,6102,11206,"CUCUMBER, RAW",12,0.59,0.16,0.22,0.17,14,0,72,4,0,VEG,VEGOTHER
208,6103,11209,"EGGPLANT, RAW (cooked nutrients)  (use 6147 ckd)",24,1.01,0.19,0.228,0.152,15.4,0,24.3,0.9,0,VEG,VEGOTHER
209,6104,11643,"GOURD, BOTTLE, RAW  (cooked nutrients)",34,0.95,0.13,0.551,0.1995,15.6,0,1230.3,61.2,0,VEG,VEGOTHER
210,6105,11641,"GOURD, SNAKE, RAW  (cooked nutrients)",16,1.21,0.18,0.3325,0.2755,18.85,0,180,9,0,VEG,VEGOTHER
211,6106,11220,"GOURD, TOWEL, RAW (cooked nutrients)",20,1.2,0.2,0.342,0.0665,4.55,0,369,18.9,0,VEG,VEGOTHER
212,6107,11593,"GOURD, WAX, RAW (cooked nutrients)",13,0.4,0.2,0.38,0.5795,3.25,0,0,0,0,VEG,VEGOTHER
213,6108,11167,"MAIZE, YELLOW, FRESH  (cooked nutrients)",86,3.22,1.18,0.494,0.4275,29.9,0,168.3,8.1,31,VEG,VEGOTHER
214,6109,11278,"OKRA, (LADY'S FINGER), RAW (cooked nutrients)  (use 6150 ckd)",31,2,0.1,0.76,0.57,57.2,0,337.5,17.1,77,VEG,VEGOTHER
215,6110,11670,"PEPPER, RED OR GREEN, HOT, RAW (cooked nutrients) (use 6148 for ckd)",40,2,0.2,1.2,0.3,19.55,0,1061.1,59,30,VEG,VEGOTHER
216,6111,11529,"TOMATO, RAW (cooked nutrients)",18,0.88,0.2,0.27,0.17,10.5,0,791.35,39.9,6,VEG,VEGOTHER
217,6112,11522,"TARO, STALK, RAW (cooked nutrients)",11,0.92,0.09,0.57,0.4845,2.1,0,45,2.7,42,VEG,VEGOTHER
218,6113,11962,"PEPPER, CHILI, RED, DRY, WITHOUT STALK (cooked nutrients) (use 6149 ckd)",324,10.58,5.81,6.04,1.02,48.45,0,26488,1324,403,VEG,VEGOTHER
219,6114,9226,"PAPAYA, GREEN, UNRIPE, WITHOUT PEEL",39,0.61,0.14,0.1,0.07,38,0,1094,55,0,FRUIT,
220,6114,9226,"PAPAYA, GREEN, UNRIPE, WITHOUT PEEL (cooked nutrients)",39,0.61,0.14,0.1,0.07,22.8,0,929.9,46.75,0,FRUIT,
221,6115,11641,"VEGETABLE, GREEN (LIME SIZE, LIKE POTAL)  (cooked nutrients)",16,1.21,0.18,0.3325,0.2755,18.85,0,180,9,0,VEG,VEGOTHER
222,6116,11416,PUMPKIN FLOWER  (cooked nutrients),15,1.03,7.00E-02,0.7,0.2,59,0,1947,97,5,VEG,VEGOTHER
223,6118,11522,ARAM (cooked nutrients),11,0.92,0.09,0.57,0.4845,2.1,0,45,2.7,42,VEG,VEGOTHER
224,6119,11135,CAULI FLOWER (cooked nutrients),25,1.98,0.1,0.418,0.266,37.05,0,11.7,0.9,0,VEG,VEGOTHER
225,6120,11003,"AMARANTHUS, STALK  (cooked nutrients)",23,2.46,0.33,2.204,0.855,51,0,2771.15,138.7,42,VEG,VEGOTHER
226,6122,11643,GOURD (SIMILAR 6131) (cooked nutrients),34,0.95,0.13,0.551,0.1995,15.6,0,1230.3,61.2,0,VEG,VEGOTHER
227,6123,11252,PEEL OF BOTTLE GOURD  (cooked nut),14,0.9,0.14,0.41,0.15,29,0,502,25,0,VEG,VEGOTHER
228,6124,11024,"GOURD, BITTER (cooked nutrients)",17,1,0.17,0.4085,0.76,46.8,0,423.9,21.6,0,VEG,VEGOTHER
229,6125,11206,CUCUMBER VARIETY,12,0.59,0.16,0.22,0.17,14,0,72,4,0,VEG,VEGOTHER
230,6126,11416,GOURD STALK  (cooked nut),15,1.03,7.00E-02,0.7,0.2,59,0,1947,97,5,VEG,VEGOTHER
231,6127,11416,MUSTERD FLOWER  (cooked nut),15,1.03,7.00E-02,0.7,0.2,59,0,1947,97,5,VEG,VEGOTHER
232,6131,11643,"GOURD, SNAKE  (cooked nutrients)",34,0.95,0.13,0.551,0.1995,15.6,0,1230.3,61.2,0,VEG,VEGOTHER
233,6137,11252,PARBLE PEEL (LIKE CUCUMBER PEEL),14,0.9,0.14,0.41,0.15,29,0,502,25,0,VEG,VEGOTHER
234,6147,11210,"EGGPLANT, COOKED",35,0.83,0.23,0.25,0.12,14,0,37,2,0,VEG,VEGOTHER
235,6148,11670,"PEPPER, RED OR GREEN, HOT, COOKED",40,2,0.2,1.2,0.3,19.55,0,1061.1,59,30,VEG,VEGOTHER
236,6200,11620,HORSERADISH  (cooked nut),37,2.1,0.2,0.36,0.45,44,0,74,4,91,VEG,ROOT
237,6201,11282,"ONIONS, PEELED, RAW (cooked nutrients)",40,1.1,0.1,0.1995,0.1615,12.35,0,1.8,0,0,VEG,ROOT
238,6202,11354,"POTATO, WHITE, WITHOUT PEEL, RAW (cooked nutrients) (use 6214 ckd)",69,1.68,0.1,0.494,0.2755,13.5,0,8,0,69,VEG,ROOT
239,6203,11354,"POTATO, WHITE, WITH PEEL, RAW (cooked nutrients)",69,1.68,0.1,0.494,0.2755,16.2,0,8,0,69,VEG,ROOT
240,6204,11601,"POTATO, SWEET, WHITE, WITHOUT PEEL, RAW",118,1.53,0.17,0.54,0.24,23,0,138,7,50,VEG,ROOT
241,6204,11601,"POTATO, SWEET, WHITE, WITHOUT PEEL, RAW (cooked nutrients)",118,1.53,0.17,0.513,0.228,17.25,0,138,7,50,VEG,ROOT
242,6205,11601,"POTATO, SWEET, WHITE, WITH PEEL, RAW",118,1.53,0.17,0.54,0.24,23,0,138,7,50,VEG,ROOT
243,6205,11601,"POTATO, SWEET, WHITE, WITH PEEL, RAW (cooked nutrients)",118,1.53,0.17,0.513,0.228,20.7,0,138,7,50,VEG,ROOT
244,6206,11215,GARLIC (cooked nutrients),149,6.36,0.5,1.7,1.16,2.1,0,7.65,0,0,VEG,ROOT
245,6207,11429,RADISH (cooked nutrients),16,0.68,0.1,0.323,0.266,17.5,0,6.3,0,0,VEG,ROOT
246,6207,11429,RADISH,16,0.68,0.1,0.34,0.28,25,0,7,0,0,VEG,ROOT
247,6208,11124,CARROT (cooked nutrients),41,0.93,0.24,0.3,0.24,15.2,0,15035.4,751.5,8,VEG,ROOT
248,6210,11354,TREE POTATO (GROWS ON A CREEPER?)  (cooked nutrients),69,1.68,0.1,0.494,0.2755,16.2,0,8,0,69,VEG,ROOT
249,6212,11522,ARAM  (cooked nutrients),11,0.92,0.09,0.57,0.4845,2.1,0,45,2.7,42,VEG,ROOT
250,6213,11216,"GINGER, PEELED (cooked nutrients)",80,1.82,0.75,0.6,0.34,8.8,0,0,0,0,VEG,ROOT
251,6214,11367,BOILED POTATO WITHOUT PEEL,86,1.71,0.1,0.31,0.27,9,0,3,0,81,VEG,ROOT
252,6216,11522,ARAM ROOT VARIETY (cooked nutrients),11,0.92,0.09,0.57,0.4845,2.1,0,45,2.7,42,VEG,ROOT
253,6217,11522,"ARAM, SMALL TUBER OF  (cooked nutrients)",11,0.92,0.09,0.57,0.4845,2.1,0,45,2.7,42,VEG,ROOT
254,6218,11354,POTATO VARIETY,69,1.68,0.1,0.52,0.29,18,0,8,0,69,VEG,ROOT
255,6219,11828,BAKED POTATO WITH PEEL,93,2.5,0.13,1.08,0.36,28,0,10,1,81,VEG,ROOT
256,6220,11829,BAKED POTATO WITHOUT PEEL,93,1.96,0.1,0.35,0.29,9,0,0,0,81,VEG,ROOT
257,6221,11602,BOILED SWEET POTATO,116,1.49,0.14,0.52,0.2,16,0,122,6,50,VEG,ROOT
258,6223,11602,BAKED SWEET POTATO WITHOUT PEEL,116,1.49,0.14,0.52,0.2,16,0,122,6,50,VEG,ROOT
259,6300,11457,"SPINACH, RAW (cooked nutrients)",23,2.86,0.39,2.5745,0.5035,116.4,0,8908.15,445.55,0,VEG,LEAF
260,6301,11231,"LEAF, JUTE, BITTER, FRESH  (cooked nutrients)",34,4.65,0.25,4.522,0.7505,73.8,0,5281.05,264.1,42,VEG,LEAF
261,6302,11418,"LEAF, SWEET PUMPKIN, RAW  (cooked nutrients)",19,3.15,0.4,2.109,0.19,21.6,0,1844.9,92.15,42,VEG,LEAF
262,6305,11233,"BINDWEED, RAW (cooked nutrients)",50,3.3,0.7,1.615,0.418,17.4,0,14607.2,730.55,42,VEG,LEAF
263,6306,2044,"BASIL (GREEN LEAFY), RAW (cooked nutrients)",23,3.15,0.64,3.0115,0.7695,40.8,0,5011.25,250.8,42,VEG,LEAF
264,6307,11003,"AMARANTH, RAW  (cooked nutrients)  (use 6362 cooked)",23,2.46,0.33,2.204,0.855,51,0,2771.15,138.7,42,VEG,LEAF
265,6308,11003,"AMARANTH, RED, RAW  (cooked nutrients)",23,2.46,0.33,2.204,0.855,51,0,2771.15,138.7,42,VEG,LEAF
266,6309,11233,"RADISH LEAF, RAW  (cooked nutrients)",50,3.3,0.7,1.615,0.418,17.4,0,14607.2,730.55,42,VEG,LEAF
267,6310,11165,"CORIANDER LEAF, RAW (cooked nutrients)",23,2.13,0.52,1.6815,0.475,37.2,0,6410.6,320.15,42,VEG,LEAF
268,6311,11418,"GOURD LEAF, RAW  (cooked nutrients)  (use 6361 ckd)",19,3.15,0.4,2.109,0.19,21.6,0,1844.9,92.15,42,VEG,LEAF
269,6312,165,"ONION LEAF, (DARK GREEN), RAW (cooked nutrients)",21,1.2,0.7,0.665,0.19,24,0,152,45.6,5,VEG,LEAF
270,6313,11520,"ARAM LEAF, (DARK GREEN), RAW (cooked nutrients)",42,4.98,0.74,2.1375,0.3895,75.6,0,4583.75,228.95,42,VEG,LEAF
271,6314,11233,"VEGETABLE, LEAFY, MIX (ALL DARK GREEN), RAW (cooked nutrients)",50,3.3,0.7,1.615,0.418,17.4,0,14607.2,730.55,42,VEG,LEAF
272,6316,11222,"HORSERADISH LEAF, RAW (cooked nutrients)",64,9.4,1.4,3.8,0.57,24,0,7185.8,359.1,34,VEG,LEAF
273,6317,11270,"MUSTARD GREENS, RAW  (cooked nutrients)",26,2.7,0.2,1.387,0.19,112.2,0,9975,498.75,42,VEG,LEAF
274,6320,11233,"VEGETABLE, DARK GREEN LEAFY, RAW (cooked nutrients)",50,3.3,0.7,1.615,0.418,17.4,0,14607.2,730.55,42,VEG,LEAF
275,6324,11501,POTATO LEAF  (cooked nutrients),35,4,0.3,0.9595,0.2755,48,0,976.6,48.45,42,VEG,LEAF
276,6325,11233,GARLIC LEAF  (cooked nutrients),50,3.3,0.7,1.615,0.418,17.4,0,14607.2,730.55,42,VEG,LEAF
277,6326,11233,"VEGETABLE, DARK GREEN LEAFY, RAW (cooked nutrients)",50,3.3,0.7,1.615,0.418,17.4,0,14607.2,730.55,42,VEG,LEAF
278,6327,11418,WAX GOURD LEAF  (cooked nutrients),19,3.15,0.4,2.109,0.19,21.6,0,1844.9,92.15,42,VEG,LEAF
279,6328,11233,"VEGETABLE, DARK GREEN LEAFY, BITTER, RAW (cooked nutrients)",50,3.3,0.7,1.615,0.418,17.4,0,14607.2,730.55,42,VEG,LEAF
280,6335,11233,"FERN LEAF,RAW  (cooked nutrients)",50,3.3,0.7,1.615,0.418,17.4,0,14607.2,730.55,42,VEG,LEAF
281,6340,2064,"LEMON LEAF,MINT (cooked nutrients)",70,3.75,0.94,4.826,1.0545,68.4,0,4035.6,201.4,42,VEG,LEAF
282,6341,11233,RADHUNI LEAF  (cooked nutrients),50,3.3,0.7,1.615,0.418,17.4,0,14607.2,730.55,42,VEG,LEAF
283,6342,11233,OLIVE LEAF,50,3.3,0.7,1.7,0.44,29,0,15376,769,42,VEG,LEAF
284,6347,11233,"VEGETABLE, DARK GREEN LEAFY, RAW  (cooked nutrients)",50,3.3,0.7,1.615,0.418,17.4,0,14607.2,730.55,42,VEG,LEAF
285,6353,2064,MINT LEAF,70,3.75,0.94,5.08,1.11,114,0,4248,212,42,VEG,LEAF
286,6361,11419,GOURD LEAF BOILED,21,2.72,0.22,3.2,0.2,25,0,1600,80,42,VEG,LEAF
287,6363,11521,"ARAM LEAF, (DARK GREEN), COOKED",24,2.72,0.41,1.18,0.21,48,0,4238,212,42,VEG,LEAF
288,7000,19335,"SUGAR, WHITE  (cooked)",387,0,0,0.01,0,0,0,0,0,0,CONDIMENT,SUGAR
289,7001,19334,"MOLASSES, DARK, SOLID  (cooked)",380,0.12,0,0.7,0.03,1,0,0,0,0,CONDIMENT,SUGAR
290,7002,VU,"MOLASSES,DATE PALM,LIQUID",52,0.3,0,0.3,0,0,0,0,0,0,CONDIMENT,SUGAR
291,7003,2047,"SALT, IODIZED  (cooked)",0,0,0,0.33,0.1,0,0,0,0,0,CONDIMENT,
292,7004,2047,"SALT, NOT IODIZED",0,0,0,0.33,0.1,0,0,0,0,0,CONDIMENT,
293,7005,2031,CHILI POWDER  (cooked),318,12.01,17.27,7.8,2.48,106,0,41610,2081,403,CONDIMENT,
294,7006,2043,TUMERIC  (cooked),354,7.83,9.88,41.42,4.35,39,0,0,0,0,CONDIMENT,
295,7007,2013,CORIANDER  (cooked),298,12.37,17.77,16.32,4.7,0,0,0,0,0,CONDIMENT,
296,7008,2014,CUMIN  (cooked),375,17.81,22.27,66.36,4.8,10,0,1270,64,0,CONDIMENT,
297,7009,11234,TAMARIND PICKLE,28,1.9,0.4,0.9,0.24,13,0,13621,681,42,CONDIMENT,
298,7010,2010,CINNAMON,247,3.99,1.24,8.32,1.83,6,0,295,15,0,CONDIMENT,
299,7011,9195,OLIVE PICKLE,145,1.03,15.32,0.49,0.04,3,0,393,20,0,CONDIMENT,
300,7013,63143650,PLUM PICKLE,122,0.48,0.19,0.15,0.08,3,0,0,12,0,CONDIMENT,
301,7014,63129020,MANGO PICKLE,135,0.35,0.18,0.13,0.03,9,0,0,25,6,CONDIMENT,
302,7015,2011,CLOVE  (cooked),323,5.98,20.07,8.68,1.09,93,0,530,27,0,CONDIMENT,
303,7016,2030,BLACK PEPPER  (cooked),255,10.95,3.26,28.86,1.42,10,0,299,15,0,CONDIMENT,
304,7017,2013,CORIANDER VARIETY (SOUR)  (cooked),298,12.37,17.77,16.32,4.7,0,0,0,0,0,CONDIMENT,
305,7018,2013,CORIANDER VARIETY (SWEET)  (cooked nut),298,12.37,17.77,16.32,4.7,0,0,0,0,0,CONDIMENT,
306,7019,1546,CASSIA LEAF  (cooked),221,17.9,3.5,78.3,3.8,486,0,3110,934,225,CONDIMENT,
307,7020,2006,CARDAMOM  (cooked),311,10.76,6.7,13.97,7.47,0,0,0,0,0,CONDIMENT,
308,7021,2015,FIVE-SPICE BLEND,325,12.66,13.81,29.59,4.05,154,0,986,49,0,CONDIMENT,
309,7022,2019,FENUGREEK  (cooked),323,23,6.41,33.53,2.5,57,0,60,3,0,CONDIMENT,
310,7023,2014,BLACK CUMIN  (cooked),375,17.81,22.27,66.36,4.8,10,0,1270,64,0,CONDIMENT,
311,7024,2014,"SPICE, SIMILAR TO CUMIN, SWEET  (cooked)",375,17.81,22.27,66.36,4.8,10,0,1270,64,0,CONDIMENT,
312,7025,19334,BROWN SUGAR (cooked),380,0.12,0,0.7,0.03,1,0,0,0,0,CONDIMENT,SUGAR
313,7026,19334,"MOLASSES, SUGARCANE, SOLID",380,0.12,0,0.7,0.03,1,0,0,0,0,CONDIMENT,SUGAR
314,7027,19335,ROCK SUGAR (SOLID LUMP SUGAR),387,0,0,0.01,0,0,0,0,0,0,CONDIMENT,SUGAR
315,7028,19304,"MOLASSES, SUGARCANE, LIQUID",290,0,0.1,4.72,0.29,0,0,0,0,0,CONDIMENT,SUGAR
316,7029,2012,"LEAF, BROWN  (cooked)",279,21.93,4.78,42.46,4.72,274,0,5850,293,0,CONDIMENT,
317,7030,2006,"CARDAMOM VARIETY (BIG, BLACK)  (cooked)",311,10.76,6.7,13.97,7.47,0,0,0,0,0,CONDIMENT,
318,7031,2015,CURRY MIXED MOSALA  (cooked),325,12.66,13.81,29.59,4.05,154,0,986,49,0,CONDIMENT,
319,7032,2015,SPICES (RANGPUR ONLY)  (cooked),325,12.66,13.81,29.59,4.05,154,0,986,49,0,CONDIMENT,
320,7034,63143650,PLUM (BOROI) AND TAMARIND PICKLE,122,0.48,0.19,0.15,0.08,3,0,0,12,0,CONDIMENT,
321,8000,4044,"OIL, SOYBEAN  (cooked)",884,0,100,0.05,0.01,0,0,0,0,0,FAT,OIL
322,8001,4583,"OIL, MUSTARD  (cooked)",884,0,100,0,0,0,0,0,0,0,FAT,OIL
323,8003,1003,BUTTER (OIL FROM WHOLE COWS MILK),876,0.28,99.48,0,0.01,0,0,3069,840,0,FAT,OIL
324,9000,14355,"TEA, PREPARED WITH WATER ONLY (RAW TEA)",1,0,0,0.02,0.02,5,0,0,0,0,MISC,TEA
325,9006,910,"TEA, LEAF, DRY  (cooked)",55,0,0,0,0,0,0,0,0,0,MISC,TEA
326,9101,92542000,"TANG, prepared",50,0,0,0,0.01,0,0,0,0,0,MISC,JUICE
327,9102,9209,Orange juice 100%,44,0.8,0.13,0.17,0.04,18,0,78,4,0,MISC,JUICE
328,9103,9436,Mango juice 100%,51,0.11,0.06,0.36,0.02,7,0,692,35,8,MISC,JUICE
329,9107,0,ORAL SALINE,8,0,0,0,0,0,0,0,0,0,MISC,JUICE
330,9200,19410,"CHIPS, POTATO, LOOSE",558,5.9,38.4,1.5,0.59,7,0,0,0,250,MISC,SNACKS
331,9202,19107,HARD CANDY,394,0,0.2,0.3,0.01,0,0,0,0,0,MISC,SNACKS
332,9203,19120,CHOCOLATE,535,7.62,29.66,2.35,2.3,12,0.75,195,59,126,MISC,SNACKS
333,9204,19283,"POPSICLE (FROZEN WATER,SUGAR,FLAVOR)",79,0,0.24,0.54,0.15,0,0,0,0,0,MISC,SNACKS
334,9205,19095,ICE-CREAM,201,3.5,11,0.09,0.69,5,0.39,421,118,0,MISC,SNACKS
335,9209,19411,"CHIPS, POTATO, PACKET",547,6.56,37.47,1.61,2.39,75,0,0,0,250,MISC,SNACKS
336,9211,18208,DEEP FRIED SUGAR COATED BISCUIT,472,5.9,23.4,2.33,0.42,11,0.09,1028,238,53,MISC,SNACKS
337,9214,0,HERB MIXTURE (HELPS IN DIGESTION),0,0,0,0,0,0,0,0,0,0,MISC,SNACKS
338,9215,20020,BAKED MAIZE (SAME AS 3109),362,8.12,3.59,3.45,1.82,17.5,0,214,11,800,MISC,SNACKS
339,9304,19106,"JELLY CANDY, LYCHEE FLAVORED",396,0,0,0.4,0,0,0,0,0,0,MISC,SWEET
340,9305,0,CHEWING GUM,247,0,0.3,0,0,0,0,0,0,0,MISC,SWEET
341,9306,19107,BOILED MOLASSES CANDY,394,0,0.2,0.3,0.01,0,0,0,0,0,MISC,SWEET
342,9312,19154,SUGAR COATED SESAME SEEDS,516,11.6,33.3,4.27,3.76,51,0,6,0,814,MISC,SWEET
343,9400,14412,WATER  (cooked nut),0,0,0,0,0.01,0,0,0,0,0,MISC,BEV
344,9500,18372,BAKING SODA,0,0,0,0,0,0,0,0,0,0,MISC,MISC
345,9999,0,NONE,0,0,0,0,0,0,0,0,0,0,MISC,MISC